{"cameraMode":{"drawMode":0,"name":"Shaded","section":"Shading Mode"},"sceneLighting":true,"audioPlay":false,"sceneViewState":{"showFog":false,"showMaterialUpdate":false,"showSkybox":true,"showFlares":false,"showImageEffects":false,"showParticleSystems":true},"in2DMode":false,"pivot":{"x":-0.3176889419555664,"y":-0.17824122309684754,"z":1.200425624847412},"rotation":{"x":-0.2059187889099121,"y":0.42784300446510317,"z":-0.10076781362295151,"w":-0.8742961287498474},"size":1.7164843082427979,"orthographic":false}